state,year,sales_all_sectors,production_all_sources,revenue_all_sectors,price_all_sectors,export_minus_import
Alabama,2001,79358.25799,125345.113,4447.862,5.6,0.0
Alabama,2002,83067.07798,132920.67,4744.54201,5.71,0.0
Alabama,2003,83844.22002,137487.222,4929.14501,5.88,0.0
Alabama,2004,86870.519,137354.77084,5278.41,6.08,0.0
Alabama,2005,89201.61999,137948.58103,5764.72001,6.46,0.0
Alabama,2006,90677.69499,140895.44129,6411.28199,7.07,0.0
Alabama,2007,91828.46399,143826.27083000002,6953.868,7.57,0.0
Alabama,2008,89707.27901,145869.89519,7709.0825,8.59,0.0
Alabama,2009,82844.602,143255.55560999998,7314.5685,8.83,0.0
Alabama,2010,90862.64499,152150.51206,8074.8787,8.89,0.0
Alabama,2011,88995.36901,156339.20984000002,8100.05111,9.1,0.0
Alabama,2012,86182.54801,152878.6877,7910.46183,9.18,0.0
Alaska,2001,5454.08001,6743.766,574.71499,10.54,-1.17228428
Alaska,2002,5465.48899,6767.325,571.87101,10.46,-0.87921321
Alaska,2003,5563.682,6338.733,584.24299,10.5,-1.17228428
Alaska,2004,5788.484,6526.71686,636.00801,10.99,-1.17228428
Alaska,2005,5912.571,6576.65855,693.022,11.72,-1.17228428
Alaska,2006,6182.291,6674.196779999999,794.064,12.84,-1.17228428
Alaska,2007,6326.61,6821.39162,840.47102,13.28,-1.17228428
Alaska,2008,6324.85499,6774.834379999999,931.67439,14.73,-1.17228428
Alaska,2009,6269.92701,6702.1594000000005,946.0478,15.09,-1.17228428
Alaska,2010,6247.03802,6759.575699999999,922.26222,14.76,-1.17228428
Alaska,2011,6319.54,6871.03279,1015.9765,16.08,-1.17228428
Alaska,2012,6416.41098,6946.4191200000005,1047.78123,16.33,-1.17228428
Arizona,2001,62274.304,89358.68400000001,4525.59701,7.27,-55.09736116
Arizona,2002,62600.73702,93883.73800000001,4514.06999,7.21,-14.067411360000008
Arizona,2003,64079.56,93829.038,4705.51499,7.34,15.825837779999993
Arizona,2004,66933.251,104671.02304,4985.22902,7.45,-77.95690461999999
Arizona,2005,69390.686,101263.92433,5404.40698,7.79,76.1984782
Arizona,2006,73252.77599,104095.42428,6034.12001,8.24,182.29020554
Arizona,2007,77193.20601,113090.14827,6589.54299,8.54,-2.6376396299999953
Arizona,2008,76267.91601,119270.11239000001,6951.47219,9.11,262.59167872
Arizona,2009,73432.92901,111632.29026000001,7017.4043,9.56,230.94000316
Arizona,2010,72833.03001,111332.89747999999,7058.75401,9.69,-68.57863037999999
Arizona,2011,74943.645,107883.31889000001,7278.6183,9.71,-426.41840685
Arizona,2012,75063.34301,110746.1036,7361.00101,9.81,-14.360482430000005
Arkansas,2001,41732.44901,47192.035,2524.27199,6.05,0.0
Arkansas,2002,42449.55799,47611.645000000004,2379.93198,5.61,0.0
Arkansas,2003,43108.25902,50380.931000000004,2399.48002,5.57,0.0
Arkansas,2004,43672.35997,51878.142210000005,2475.232,5.67,0.0
Arkansas,2005,46164.923,47753.10486,2910.45901,6.3,0.0
Arkansas,2006,46635.62399,52139.26497,3259.71801,6.99,0.0
Arkansas,2007,47054.89099,54537.02757,3273.009,6.96,0.0
Arkansas,2008,46134.681,54955.41383,3506.7994,7.6,0.0
Arkansas,2009,43173.104,57257.00903000001,3267.38649,7.57,0.0
Arkansas,2010,48194.28502,61001.22654,3506.83319,7.28,0.0
Arkansas,2011,47927.829,61238.673879999995,3561.99301,7.43,0.0
Arkansas,2012,46859.567,64920.85797,3569.58113,7.62,0.0
California,2001,247758.77798,199295.45299999998,27786.53899,11.22,-3054.38669154
California,2002,235213.33199,184692.025,28680.043,12.19,-1869.5003555299998
California,2003,243221.31601,194613.16936999996,28647.64199,11.78,-4125.56145239
California,2004,252025.97301,196414.01699,28598.26201,11.35,-1242.9144078699999
California,2005,254249.50699,200053.23205999998,29567.10102,11.63,-5526.73423806
California,2006,262958.52801,216606.41419,33711.83501,12.82,-2371.53109844
California,2007,264234.91098,210228.02287,33831.18899,12.8,-5504.46083674
California,2008,268155.219,207341.73684,33468.10791,12.48,-4694.70547033
California,2009,259583.62299,204470.43426,34376.5034,13.24,-2528.6171919599997
California,2010,258530.89202,204468.12554,33637.05208,13.01,-3072.2640268099995
California,2011,261941.70001,200982.42849000002,34192.71482,13.05,-5885.160156669999
California,2012,259538.03803,198368.84871,35123.30576,13.53,-8301.824199890001
Colorado,2001,44236.03801,47377.166,2662.44599,6.02,-36.047741609999996
Colorado,2002,45936.69602,46040.916,2758.22299,6.0,-6.74063461
Colorado,2003,46494.64498,47024.067,3146.11901,6.77,-2.05149749
Colorado,2004,46723.84101,48253.09441,3247.20101,6.95,-37.220025889999995
Colorado,2005,48353.23601,49860.82034,3693.85698,7.64,-5.8614214
Colorado,2006,49733.69801,51099.356850000004,3784.693,7.61,-1.17228428
Colorado,2007,51299.15598,54243.61414,3979.89499,7.76,0.58614214
Colorado,2008,52142.47299,53939.80956,4479.61761,8.59,1.46535535
Colorado,2009,51035.90599,50783.26754,4242.18979,8.31,0.0
Colorado,2010,52917.78602,50962.37577,4839.7264,9.15,3.22378177
Colorado,2011,53458.28502,51919.31229,5017.97119,9.39,7.912918889999999
Colorado,2012,53685.29703,53045.637109999996,5042.1523,9.39,1.17228428
Connecticut,2001,30540.758,30490.646,2937.42399,9.62,-765.50163484
Connecticut,2002,31005.489,31331.621,3011.92801,9.71,-325.60195877
Connecticut,2003,31830.218,29545.087,3234.50799,10.16,-345.8238626
Connecticut,2004,32214.61001,32617.977720000003,3304.971,10.26,-994.9762826499999
Connecticut,2005,33095.02901,33553.05278,3991.54901,12.06,-1139.7533912299998
Connecticut,2006,31677.453,34681.73618,4696.78901,14.83,-1165.25057432
Connecticut,2007,34129.10701,33201.91922,5613.29902,16.45,-1508.43679729
Connecticut,2008,30956.54399,30395.890649999998,5508.3669,17.79,-1989.6594942299998
Connecticut,2009,29715.76398,31195.45204,5365.94728,18.06,-2401.13127651
Connecticut,2010,30391.76601,33330.63931,5283.86001,17.39,-1781.28596346
Connecticut,2011,29858.993,33734.012599999995,4881.52297,16.35,-2345.44777321
Connecticut,2012,29492.33802,36112.11195,4584.47785,15.54,0.0
Delaware,2001,11378.62599,6807.684,773.72598,6.8,0.0
Delaware,2002,12018.734,6002.4890000000005,830.495,6.91,0.0
Delaware,2003,12599.59001,7392.287,877.03801,6.96,0.0
Delaware,2004,11761.15299,7855.55258,885.28001,7.53,0.0
Delaware,2005,12136.78801,8136.56808,941.33399,7.76,0.0
Delaware,2006,11554.672,7182.179370000001,1170.75601,10.13,0.0
Delaware,2007,11868.81001,8534.16326,1347.41002,11.35,0.0
Delaware,2008,11748.78298,7523.83862,1452.209,12.36,0.0
Delaware,2009,11257.778,4841.56286,1367.2059,12.14,0.0
Delaware,2010,11605.93199,5627.64501,1389.72942,11.97,0.0
Delaware,2011,11483.296,6590.194799999999,1318.64802,11.48,0.0
Delaware,2012,11519.33103,8633.694000000001,1274.05099,11.06,0.0
District of Columbia,2001,10880.472,123.239,805.12599,7.4,0.0
District of Columbia,2002,11128.74299,261.98,816.88699,7.34,0.0
District of Columbia,2003,10946.38301,74.144,809.64902,7.4,0.0
District of Columbia,2004,11414.84699,36.487,852.45,7.47,0.0
District of Columbia,2005,11816.20698,226.042,1084.966,9.18,0.0
District of Columbia,2006,11396.42399,81.467,1262.541,11.08,0.0
District of Columbia,2007,12110.185,75.251,1428.08901,11.79,0.0
District of Columbia,2008,11851.00302,72.316,1552.76849,13.1,0.0
District of Columbia,2009,12198.825,35.499,1581.84213,12.97,0.0
District of Columbia,2010,11876.995,199.858,1586.01487,13.35,0.0
District of Columbia,2011,11562.055,200.87396,1480.52981,12.81,0.0
District of Columbia,2012,11258.845,71.78678,1334.65736,11.85,0.0
Florida,2001,200752.13301,190945.34399999998,15403.113,7.67,0.0
Florida,2002,210473.53002,203352.775,15393.77701,7.31,0.0
Florida,2003,217378.62198,212610.011,16774.212,7.72,0.0
Florida,2004,218584.494,218117.92784000002,17834.52001,8.16,0.0
Florida,2005,224977.011,220256.41181000002,19713.38699,8.76,0.0
Florida,2006,228219.54399,223751.62101999996,23845.01501,10.45,0.0
Florida,2007,231084.60001,225416.06022999997,23878.43,10.33,0.0
Florida,2008,226172.795,219636.81820000004,24295.9121,10.74,0.0
Florida,2009,224750.322,217952.30839000002,25824.7771,11.49,0.0
Florida,2010,231209.614,229095.9348,24459.82921,10.58,0.0
Florida,2011,225090.422,221894.57408999998,23880.2086,10.61,0.0
Florida,2012,220674.33303,221096.13597999996,23028.60242,10.44,0.0
Georgia,2001,117790.47301,119456.20899999999,7523.71401,6.39,0.0
Georgia,2002,123789.07801,127808.55099999999,7725.685,6.24,0.0
Georgia,2003,123676.65699,125349.02100000001,7815.59698,6.32,0.0
Georgia,2004,129465.78401,128568.40675,8525.249,6.58,0.0
Georgia,2005,132265.45199,137086.33394999997,9830.34,7.43,0.0
Georgia,2006,134834.16799,138810.89385,10288.208,7.63,0.0
Georgia,2007,137453.878,145798.45636,10799.85001,7.86,0.0
Georgia,2008,135173.51398,136487.23935999998,11950.66149,8.84,0.0
Georgia,2009,130765.50499,128154.40044,11516.29492,8.81,0.0
Georgia,2010,140671.58002,138132.84927,12481.46021,8.87,0.0
Georgia,2011,136371.149,126216.37516000001,13108.53351,9.61,0.0
Georgia,2012,130978.87203,123982.13184999999,12274.7398,9.37,0.0
Hawaii,2001,9784.56301,10633.093,1374.49001,14.05,0.0
Hawaii,2002,9891.63799,11663.07,1324.83799,13.39,0.0
Hawaii,2003,10390.83599,10976.371,1503.926,14.47,0.0
Hawaii,2004,10731.52002,11410.40259,1684.87901,15.7,0.0
Hawaii,2005,10538.91001,11522.80535,1931.86901,18.33,0.0
Hawaii,2006,10567.912,11559.17366,2190.15199,20.72,0.0
Hawaii,2007,10585.299,11533.34958,2253.443,21.29,0.0
Hawaii,2008,10390.279,11376.38507,3034.0181,29.2,0.0
Hawaii,2009,10126.18501,11010.53289,2148.16939,21.21,0.0
Hawaii,2010,10016.50901,10836.03596,2515.78899,25.12,0.0
Hawaii,2011,9961.65301,10723.33291,3146.90971,31.59,0.0
Hawaii,2012,9639.15701,10469.268680000001,3281.0588,34.04,0.0
Idaho,2001,21096.017,9346.940999999999,1037.30901,4.92,-0.2930710699999999
Idaho,2002,20699.666,9786.932999999999,1155.501,5.58,0.0
Idaho,2003,21218.685,10422.935,1106.76499,5.22,-2.05149749
Idaho,2004,21808.67401,10863.038719999999,1084.922,4.97,-32.82395984
Idaho,2005,21852.68101,10824.983849999999,1119.626,5.12,-89.09360527999999
Idaho,2006,22761.749,13386.085249999998,1120.55899,4.92,-39.85766552
Idaho,2007,23755.186,11484.09064,1203.612,5.07,-44.25373156999999
Idaho,2008,23901.48999,11970.55293,1360.87722,5.69,34.58238626
Idaho,2009,22753.77899,13100.15185,1480.5388,6.51,44.25373157
Idaho,2010,22797.66801,12024.56411,1491.85259,6.54,23.73875667
Idaho,2011,23271.724,16568.7859,1498.22241,6.44,17.29119313
Idaho,2012,23711.85901,15499.089310000001,1642.0233,6.92,-13.481269219999998
Illinois,2001,136033.54903,179249.285,9390.787,6.9,0.0
Illinois,2002,138447.313,188054.449,9605.334,6.94,125.14134689
Illinois,2003,136247.891,189055.261,9353.328,6.86,160.30987529
Illinois,2004,139253.956,191957.77851,9464.95001,6.8,16.11890885
Illinois,2005,144986.21498,194120.14583000002,10074.182,6.95,17.87733527
Illinois,2006,142447.811,192426.95804,10067.25498,7.07,0.29307107
Illinois,2007,146055.151,200260.68122,12361.23698,8.46,-60.07956934999999
Illinois,2008,144619.91398,199475.17757000003,13389.51379,9.26,-42.20223408
Illinois,2009,136688.46601,193864.35726999998,12406.5462,9.08,-7.6198478199999995
Illinois,2010,144760.67401,201351.87162000002,13216.35197,9.13,-0.58614214
Illinois,2011,142885.567,199499.72804,12820.56852,8.97,-0.29307107
Illinois,2012,143540.004,197565.36267,12052.63977,8.4,-5.27527926
Indiana,2001,97733.96801,122569.67300000001,5177.41001,5.3,0.0
Indiana,2002,101428.54999,125608.14,5419.80301,5.34,0.87921321
Indiana,2003,100467.77899,124888.21800000001,5392.659,5.37,0.0
Indiana,2004,103094.263,127770.39577,5748.81199,5.58,0.0
Indiana,2005,106548.91001,130371.57251,6262.09298,5.88,-10.843629589999999
Indiana,2006,105664.484,130489.78767,6827.44299,6.46,-30.479391279999998
Indiana,2007,109420.14999,130637.99851,7114.71,6.5,22.566472389999987
Indiana,2008,106980.704,129510.29397,7581.7194,7.09,82.35297067
Indiana,2009,99311.813,116670.27987000001,7566.52978,7.62,31.06553342
Indiana,2010,105994.376,125180.73889000001,8127.39779,7.67,-1.4653553500000003
Indiana,2011,105818.139,122131.41396,8473.71901,8.01,3.8099239099999997
Indiana,2012,105173.42503,114695.55835,8720.67776,8.29,-16.118908849999997
Iowa,2001,39443.755,40658.512,2422.423,6.14,-5.27527926
Iowa,2002,40897.54298,42528.38399999999,2458.32901,6.01,0.0
Iowa,2003,41207.284,42116.191,2519.30301,6.11,1.4653553499999998
Iowa,2004,40902.77298,43248.189,2618.50301,6.4,0.58614214
Iowa,2005,42756.80799,44156.15992,2859.39201,6.69,0.87921321
Iowa,2006,43336.835,45483.46237,3037.806,7.01,0.0
Iowa,2007,45269.52298,49789.216960000005,3092.92199,6.83,0.0
Iowa,2008,45488.06999,53086.78637,3135.26428,6.89,0.0
Iowa,2009,43641.195,51860.06314,3215.3308,7.37,0.0
Iowa,2010,45445.26901,57508.72079,3479.73181,7.66,0.0
Iowa,2011,45654.87701,56371.91265,3451.29411,7.5600000000000005,0.0
Iowa,2012,45709.09996,56675.403920000004,3524.26057,7.71,0.0
Kansas,2001,35846.95101,44748.523,2236.189,6.24,0.0
Kansas,2002,36713.54001,47188.445999999996,2315.43201,6.31,0.0
Kansas,2003,36735.39,46567.559,2332.53102,6.35,0.0
Kansas,2004,37126.54001,46782.6588,2364.41001,6.37,0.29307107
Kansas,2005,39024.28299,45862.695869999996,2554.65401,6.55,0.29307107
Kansas,2006,39751.30199,45523.73631,2739.94501,6.89,0.0
Kansas,2007,40165.97699,50122.19573,2745.66801,6.84,-0.29307107
Kansas,2008,39516.085,46630.32137,2942.671,7.45,0.0
Kansas,2009,38243.344,46677.307550000005,3050.97771,7.98,0.0
Kansas,2010,40420.675,47923.762180000005,3373.90312,8.35,0.0
Kansas,2011,40760.399,45359.84012,3622.6788,8.89,0.0
Kansas,2012,40293.47599,44424.69077,3761.24118,9.33,0.0
Kentucky,2001,79975.49899,95417.62599999999,3393.238,4.24,0.0
Kentucky,2002,87266.835,92106.668,3720.965,4.26,0.0
Kentucky,2003,85219.631,91718.81999999999,3763.12901,4.42,0.0
Kentucky,2004,86521.15599,94529.94717999999,4003.80702,4.63,0.0
Kentucky,2005,89351.466,97822.41914,4476.895,5.01,0.29307107
Kentucky,2006,88743.43502,98792.01418999999,4816.72599,5.43,0.0
Kentucky,2007,92404.1,97225.3194,5393.286,5.84,0.0
Kentucky,2008,93428.41401,97863.34027,5847.5652,6.26,0.0
Kentucky,2009,88809.17501,90630.42664,5788.7814,6.52,0.0
Kentucky,2010,93569.426,98217.65818000001,6300.2158,6.73,0.0
Kentucky,2011,89538.34101,98350.98217999999,6418.44713,7.17,0.0
Kentucky,2012,89048.49001,89949.68869,6462.49372,7.26,0.0
Louisiana,2001,74692.75099,87894.37699999998,5200.954,6.96,0.0
Louisiana,2002,79260.98899,94970.96399999999,4746.40001,5.99,0.0
Louisiana,2003,77769.32199,94885.03899999999,5387.02101,6.93,0.0
Louisiana,2004,79737.112,98172.30863,5681.859,7.13,0.0
Louisiana,2005,77389.17,92616.87821000001,6213.504,8.03,0.0
Louisiana,2006,77467.748,90921.82943,6433.22901,8.3,0.0
Louisiana,2007,79566.93699,92578.32873000001,6678.767,8.39,0.0
Louisiana,2008,78721.93199,92453.14137999999,7428.0784,9.44,0.0
Louisiana,2009,78669.58198,90993.67611,5550.36531,7.06,0.0
Louisiana,2010,85079.69199,102884.94019,6640.3005,7.8,0.0
Louisiana,2011,86369.08099,105490.73695999998,6631.78512,7.68,0.0
Louisiana,2012,84730.743,103407.70582,5844.11443,6.9,0.0
Maine,2001,12151.99701,19564.820999999996,1282.18001,10.55,-2820.80904875
Maine,2002,11441.35801,22535.033,1183.84901,10.35,-2085.20066305
Maine,2003,11971.83701,18971.635000000002,1172.23201,9.79,-2439.23051561
Maine,2004,12367.66801,19098.885459999998,1197.837,9.69,-3797.90799613
Maine,2005,12362.879,18843.97756,1307.10699,10.57,-4023.27964896
Maine,2006,12284.76798,16816.17271,1449.70399,11.8,-3183.04489127
Maine,2007,11860.20201,16128.567449999999,1730.84399,14.59,-3365.04202574
Maine,2008,11673.67299,17094.919449999998,1614.6092,13.83,-1118.94534526
Maine,2009,11282.967,16349.848659999998,1476.8016,13.09,-1980.28121999
Maine,2010,11531.56801,17018.65964,1480.61988,12.84,-1846.93388314
Maine,2011,11415.34502,15973.68806,1435.84301,12.58,-2653.17239671
Maine,2012,11561.059,14428.595909999998,1365.67433,11.81,-1970.0237325399999
Maryland,2001,61640.02,49062.340000000004,4065.639,6.6,-37.220025889999995
Maryland,2002,68379.90601,48279.087999999996,4228.75301,6.18,0.0
Maryland,2003,71258.583,52244.238000000005,4593.808,6.45,0.0
Maryland,2004,66891.7,52052.76984000001,4785.324,7.15,0.0
Maryland,2005,68365.38499,52661.60002,5559.06899,8.13,0.0
Maryland,2006,63173.14301,48956.87964,6287.68603,9.95,0.0
Maryland,2007,65390.66,50197.92382,7522.63602,11.5,0.0
Maryland,2008,63325.77699,47360.95290999999,8231.50081,13.0,0.0
Maryland,2009,62589.143,43774.83199,8186.207,13.08,0.0
Maryland,2010,65335.49801,43607.2639,8300.02975,12.7,-110.78086445999999
Maryland,2011,63599.71102,41818.06818,7590.38949,11.93,-203.97746472
Maryland,2012,61813.552,37809.74355,6973.71258,11.28,0.0
Massachusetts,2001,52496.07498,39901.132000000005,6062.20599,11.55,-1136.82268053
Massachusetts,2002,53707.537,43713.420000000006,5403.52098,10.06,-497.34160578999996
Massachusetts,2003,55514.357,49406.882,5861.922,10.56,-212.76959681999998
Massachusetts,2004,56142.019,48497.134549999995,6044.66099,10.77,-480.05041266
Massachusetts,2005,57227.58799,48438.729289999996,6971.14399,12.18,-613.10467844
Massachusetts,2006,55850.08999,46755.571370000005,8628.40699,15.45,-580.2807186
Massachusetts,2007,57138.822,48737.06907999999,8663.80602,15.16,-734.43610142
Massachusetts,2008,55884.10501,44102.27848000001,9090.6212,16.27,-3848.3162201699997
Massachusetts,2009,54359.198,40033.92317,8400.10651,15.45,-4572.78790521
Massachusetts,2010,57123.422,43478.96178,8145.47616,14.26,-3387.60849813
Massachusetts,2011,55569.91201,38935.282530000004,7842.39371,14.11,-4425.66622807
Massachusetts,2012,55313.32401,36813.2115,7626.73949,13.79,-954.5324749900001
Michigan,2001,102409.347,114099.28400000001,7138.91201,6.97,2101.3195718999996
Michigan,2002,104713.52001,119960.20700000001,7423.37799,7.09,2233.7876955399997
Michigan,2003,108877.193,113381.55199999998,7460.82901,6.85,3564.3303533400003
Michigan,2004,106606.04,120713.23743,7400.709,6.94,3203.55986617
Michigan,2005,110444.563,123832.25322,7988.04399,7.23,2698.89148363
Michigan,2006,108017.697,114635.15849,8788.06999,8.14,2116.55926754
Michigan,2007,109296.74901,121568.41820000001,9318.28002,8.53,1205.6943819800001
Michigan,2008,105781.27101,116820.80981,9459.47001,8.94,-2304.4178234099995
Michigan,2009,98121.014,102916.33315999998,9225.53138,9.4,-5636.928960379999
Michigan,2010,103649.219,113596.48929,10244.94418,9.88,-3563.7442112
Michigan,2011,105053.558,111059.54088,10925.63843,10.4,-4068.4125937399995
Michigan,2012,104818.19094,109712.63769,11510.08867,10.98,-4104.75340642
Minnesota,2001,60686.852,48523.226,3625.622,5.97,-8269.29331112
Minnesota,2002,62162.36098,52777.965000000004,3603.95201,5.8,-4174.211250009999
Minnesota,2003,63087.339,55050.996,3790.73601,6.01,2511.32599883
Minnesota,2004,63340.31499,52364.12664,3950.07901,6.24,-2610.09094942
Minnesota,2005,66019.053,53018.994869999995,4366.42398,6.61,-7753.488227920001
Minnesota,2006,66769.931,53237.78913,4661.517,6.98,-7925.227874939999
Minnesota,2007,68231.182,54477.646440000004,5075.24101,7.44,-6858.15610907
Minnesota,2008,68791.61501,54763.35985,5357.75377,7.79,-7767.555639280001
Minnesota,2009,64004.463,52491.84871,5209.13609,8.14,-7791.88053809
Minnesota,2010,67799.70599,53670.22701,5701.19361,8.41,-7106.09423429
Minnesota,2011,68532.708,53120.0615,5928.51471,8.65,-7709.527567419999
Minnesota,2012,67988.53489,52193.624180000006,6025.26253,8.86,-6262.34262376
Mississippi,2001,44286.86497,53446.452,2774.505,6.26,0.0
Mississippi,2002,45451.84999,42888.812000000005,2835.247,6.24,0.0
Mississippi,2003,45543.88101,40148.278,2940.41599,6.46,0.0
Mississippi,2004,46032.538,43662.613170000004,3221.40202,7.0,0.0
Mississippi,2005,45901.064,45067.4533,3459.607,7.54,0.0
Mississippi,2006,46936.43701,46228.847369999996,3911.884,8.33,0.0
Mississippi,2007,48153.18099,50043.685939999996,3864.446,8.03,0.0
Mississippi,2008,47721.23501,48205.71105,4288.70031,8.99,0.0
Mississippi,2009,46049.15401,48701.48412,4074.12342,8.85,0.0
Mississippi,2010,49687.166,54487.26002,4270.5321,8.59,0.0
Mississippi,2011,49337.55702,51570.94266,4330.5397,8.78,0.0
Mississippi,2012,48387.675,54584.29500999999,4162.5289,8.6,0.0
Missouri,2001,73213.157,80076.59300000002,4414.434,6.03,0.0
Missouri,2002,75000.629,81480.206,4565.22699,6.09,0.0
Missouri,2003,74239.88799,87733.069,4470.188,6.02,0.29307107
Missouri,2004,74054.29601,87402.26036,4494.10802,6.07,6.15449247
Missouri,2005,80940.494,90656.36644999999,4959.849,6.13,-10.25748745
Missouri,2006,82015.23001,91591.23890000001,5169.74698,6.3,-2.9307106999999997
Missouri,2007,85532.85001,90386.13516,5614.31699,6.5600000000000005,-0.58614214
Missouri,2008,84381.676,89938.08542000002,5768.4594,6.84,-193.4269062
Missouri,2009,79686.603,87220.84562999998,5856.6613,7.35,-658.23762322
Missouri,2010,86085.117,90537.61740999999,6698.60842,7.78,-1.17228428
Missouri,2011,84254.841,94647.88869,7008.4764,8.32,-11.429771729999999
Missouri,2012,82435.35899,91737.43259999999,7029.47446,8.53,-9.96441638
Montana,2001,11446.65801,24232.485000000004,741.82,6.48,0.0
Montana,2002,12831.388,25473.704999999998,731.65899,5.7,-52.16665046
Montana,2003,12824.66001,26268.727,787.21199,6.14,-10.25748745
Montana,2004,12956.782,26788.76767,829.57802,6.4,36.047741609999996
Montana,2005,13478.83801,27938.77774,905.539,6.72,-9.378274239999996
Montana,2006,13814.98003,28243.536389999997,954.96001,6.91,213.64881003
Montana,2007,15531.985,28931.493029999998,1107.50699,7.13,54.21814794999999
Montana,2008,15326.39999,29637.137000000002,1182.77229,7.72,247.64505415000002
Montana,2009,14326.15899,26712.735270000005,1084.04989,7.57,288.08886181
Montana,2010,13423.13801,29791.180569999997,1057.34378,7.88,375.42404067
Montana,2011,13788.08101,30128.54257,1135.18379,8.23,368.68340606
Montana,2012,13863.38298,27804.78361,1143.42061,8.25,165.29208348
Nebraska,2001,24722.64001,30485.211999999996,1333.19801,5.39,0.0
Nebraska,2002,25661.061,31618.494,1423.64801,5.55,0.0
Nebraska,2003,25856.56599,30455.984,1458.30703,5.64,-2.34456856
Nebraska,2004,25875.92999,32008.70885,1475.464,5.7,2.63763963
Nebraska,2005,26975.94398,31464.73361,1584.434,5.87,4.10299498
Nebraska,2006,27276.292,31669.968850000005,1655.59598,6.07,1.17228428
Nebraska,2007,28248.39998,32442.698780000002,1775.337,6.28,-9.08520317
Nebraska,2008,28810.989,32373.522259999998,1894.44713,6.58,0.0
Nebraska,2009,28452.19401,34001.892139999996,2050.22149,7.21,0.0
Nebraska,2010,29849.46001,36630.00621,2244.18212,7.52,0.0
Nebraska,2011,29676.08401,36095.05101,2338.21083,7.88,0.0
Nebraska,2012,30827.93899,34217.29258,2581.05336,8.37,0.0
Nevada,2001,28167.29302,33875.966,2213.45201,7.86,0.0
Nevada,2002,29204.27201,32088.935,2460.24301,8.42,-84.69753923
Nevada,2003,30131.65999,33194.88799999999,2498.806,8.29,-220.97558678
Nevada,2004,31312.30598,37667.43504,2680.69799,8.56,-188.15162693999997
Nevada,2005,32500.63,40213.75183,2932.255,9.02,-245.30048558999997
Nevada,2006,34586.26,31860.021810000002,3329.77502,9.63,-90.55896062999999
Nevada,2007,35643.40198,32669.7359,3559.404,9.99,-300.39784675
Nevada,2008,35192.496,35089.97357,3478.9233,9.89,-35.461599469999996
Nevada,2009,34283.654,37705.13278,3552.7456,10.36,34.58238626
Nevada,2010,33772.595,35146.247690000004,3285.75012,9.73,-0.5861421399999998
Nevada,2011,33916.47901,31935.917900000004,3041.19748,8.97,-170.86043381
Nevada,2012,35179.91801,35173.2632,3147.50938,8.95,-137.45033182999998
New Hampshire,2001,10315.551,15074.624,1129.163,10.95,-765.50163484
New Hampshire,2002,10383.387,15953.078000000001,1100.237,10.6,-325.60195877
New Hampshire,2003,10972.542,21597.108,1188.294,10.83,-147.12167713999997
New Hampshire,2004,10973.309,23875.78652,1247.78599,11.37,-424.07383828999997
New Hampshire,2005,11244.62801,24470.013150000006,1408.404,12.53,-490.89404225
New Hampshire,2006,11094.343,22063.694539999997,1535.502,13.84,-477.11970196
New Hampshire,2007,11235.856,23277.171150000002,1570.93501,13.98,-616.91460235
New Hampshire,2008,10977.28901,22876.99155,1608.14561,14.65,-864.26658543
New Hampshire,2009,10698.49301,20164.121980000004,1619.1685,15.13,-1030.73095319
New Hampshire,2010,10890.07401,22195.911959999998,1615.90222,14.84,-638.30879046
New Hampshire,2011,10868.60702,20065.941010000002,1602.18128,14.74,-853.71602691
New Hampshire,2012,10870.261,19264.43491,1542.8003,14.19,0.0
New Jersey,2001,73177.39001,59704.740000000005,6853.052,9.36,0.0
New Jersey,2002,74602.62001,61860.987,6938.672,9.3,0.0
New Jersey,2003,76382.51198,57639.116,7244.59,9.48,0.0
New Jersey,2004,77593.16699,56456.819670000004,7984.416,10.29,0.29307107
New Jersey,2005,81896.81299,61114.99698,8916.82899,10.89,0.0
New Jersey,2006,79680.94701,61297.34061,9467.20799,11.88,0.0
New Jersey,2007,81934.33401,63209.11297,10659.93001,13.01,0.0
New Jersey,2008,80519.54301,64224.47901999999,11628.63278,14.44,0.0
New Jersey,2009,75779.853,62214.66704,11001.325,14.52,0.0
New Jersey,2010,79179.42701,66070.03762999999,11627.41041,14.68,-134.22655006
New Jersey,2011,76859.762,65087.65198999999,10991.19965,14.3,-246.47276986999998
New Jersey,2012,75052.914,65595.75995,10266.98433,13.68,0.0
New Mexico,2001,18726.594,33611.643000000004,1339.93001,7.16,0.0
New Mexico,2002,19206.917,30661.707000000002,1291.761,6.73,-15.239695639999999
New Mexico,2003,19330.49099,32735.652000000002,1353.66301,7.0,-22.859543459999998
New Mexico,2004,19845.735,32940.36056,1409.15401,7.1,-56.562716509999994
New Mexico,2005,20638.95101,35135.642009999996,1549.33799,7.51,15.532766710000004
New Mexico,2006,21434.95701,37265.62456,1579.264,7.37,34.289315189999996
New Mexico,2007,22267.39401,35985.33282,1655.946,7.44,24.617969879999997
New Mexico,2008,22037.92801,37009.83693,1839.826,8.35,79.1291889
New Mexico,2009,21647.13599,39674.33867,1751.92001,8.09,88.21439207
New Mexico,2010,22428.344,36251.54219,1883.25911,8.4,22.85954345999999
New Mexico,2011,23041.665,38181.1393,2014.77812,8.74,-27.54868058
New Mexico,2012,23178.56801,36635.90945000001,2046.70381,8.83,-19.92883276
New York,2001,144180.76,145775.599,16650.709,11.55,-7761.98728895
New York,2002,147440.11601,141434.136,16454.45299,11.16,-10963.49565763
New York,2003,144044.703,139466.928,17919.536,12.44,-5488.9280700300005
New York,2004,145081.709,139591.13565999997,18209.09702,12.55,-5193.51243147
New York,2005,150147.57099,148448.88066,20940.76397,13.95,-7313.29548078
New York,2006,142238.019,143777.7442,21715.69801,15.27,-9984.9313549
New York,2007,148177.52299,147415.44743,22553.43001,15.22,-11287.04611891
New York,2008,144052.93599,141666.37816000002,23864.725,16.57,-13315.97713652
New York,2009,140034.39699,134111.32368,21727.67569,15.52,-9795.021301539999
New York,2010,144623.57301,138020.18162999998,23735.49318,16.41,-7029.6026850200005
New York,2011,144046.609,138346.38894,22888.65038,15.89,-10451.79356941
New York,2012,143162.66802,136594.14106000002,21683.20917,15.15,-15882.40049651
North Carolina,2001,119026.94299,117495.84999999999,7834.54501,6.58,0.0
North Carolina,2002,122686.46799,124417.68,8263.30499,6.74,0.0
North Carolina,2003,121335.12099,127343.77300000002,8329.41799,6.86,0.0
North Carolina,2004,125656.80699,126173.45474000002,8756.17298,6.97,0.0
North Carolina,2005,128335.37699,129455.56757000001,9223.996,7.19,0.0
North Carolina,2006,126698.97899,124952.10040000002,9544.162,7.53,0.0
North Carolina,2007,131880.75401,129841.30857,10331.962,7.83,0.0
North Carolina,2008,130054.11298,125481.19086,10356.4677,7.96,0.0
North Carolina,2009,127657.97899,118321.24853000001,10820.9998,8.48,0.0
North Carolina,2010,136414.94701,128678.48326000001,11822.79839,8.67,0.0
North Carolina,2011,131084.93301,118389.85491000001,11332.27931,8.64,0.0
North Carolina,2012,128084.89301,116681.76311,11720.60341,9.15,0.0
North Dakota,2001,9809.757,30332.071999999996,537.89599,5.48,-570.02323115
North Dakota,2002,10219.353,31306.312,557.023,5.45,-175.25649986000008
North Dakota,2003,10461.108,31322.129000000004,571.873,5.47,413.52327977000004
North Dakota,2004,10516.39999,29936.1061,598.51401,5.69,-104.33330092000006
North Dakota,2005,10839.99,31932.615420000002,641.23002,5.92,-1693.9507846000001
North Dakota,2006,11245.238,30881.136790000004,698.08699,6.21,-756.1233605999998
North Dakota,2007,11905.695,31224.105050000002,764.347,6.42,-1332.00801315
North Dakota,2008,12416.07401,32734.57915,830.43749,6.69,-807.41079785
North Dakota,2009,12648.58,34196.46668,838.75631,6.63,-739.7113806799999
North Dakota,2010,12956.263,34739.541670000006,920.82021,7.11,-1119.82455847
North Dakota,2011,13737.01602,35079.9001,1030.3317,7.5,-1291.56420549
North Dakota,2012,14716.95599,36125.15886,1151.89562,7.83,-1289.80577907
Ohio,2001,155797.714,142261.807,10309.451,6.62,0.0
Ohio,2002,153407.09799,147068.84999999998,10382.60198,6.77,3.8099239099999997
Ohio,2003,152189.238,146638.128,10245.784,6.73,11.722842799999999
Ohio,2004,154221.114,148345.90531,10629.19701,6.89,65.06177754
Ohio,2005,160176.30301,156976.32280000002,11335.67299,7.08,347.58228901999996
Ohio,2006,153428.84401,155434.07517000003,11831.126,7.71,-619.25917091
Ohio,2007,161770.827,155155.54535,12796.68399,7.91,-305.96619708
Ohio,2008,159388.807,153412.2511,13368.8253,8.39,0.0
Ohio,2009,146299.79301,136090.22525,13187.60179,9.01,-4.10299498
Ohio,2010,154145.41802,143598.33672,14094.66005,9.14,0.0
Ohio,2011,154746.31,135585.80447,13968.8112,9.03,0.0
Ohio,2012,152456.86402,129745.73061000001,13907.8126,9.12,0.0
Oklahoma,2001,49666.725,55506.407999999996,3031.74301,6.1,0.0
Oklahoma,2002,49485.46602,59539.155,2764.79001,5.59,0.0
Oklahoma,2003,50428.16801,61039.23,3200.63098,6.35,0.0
Oklahoma,2004,50942.04199,61197.318459999995,3312.59501,6.5,0.58614214
Oklahoma,2005,53707.10199,68915.47716,3679.96499,6.85,0.29307107
Oklahoma,2006,54905.31401,70847.82618999999,4009.71498,7.3,0.0
Oklahoma,2007,55193.19999,73150.78311,4023.04901,7.29,0.0
Oklahoma,2008,56278.866,76664.10446,4393.5481,7.8100000000000005,0.0
Oklahoma,2009,54536.79899,75300.47127000001,3784.05479,6.94,0.0
Oklahoma,2010,57845.98,72556.56912000001,4390.15541,7.59,0.0
Oklahoma,2011,59846.794,74912.10362,4666.13092,7.8,0.0
Oklahoma,2012,59340.62402,78130.00813,4472.29122,7.54,0.0
Oregon,2001,45884.82999,45051.905999999995,2494.259,5.44,-139.50182931999998
Oregon,2002,45255.173,47099.369,2859.48099,6.32,-1468.2860607
Oregon,2003,45194.72999,48966.13799999999,2794.94199,6.18,-278.12444543000004
Oregon,2004,45636.44801,51381.27821,2833.00301,6.21,-2445.09193701
Oregon,2005,46419.24499,49325.00252000001,2945.282,6.34,-75.90540712999996
Oregon,2006,48069.26499,53340.69512,3138.51601,6.53,14.067411359999994
Oregon,2007,48696.965,55077.793939999996,3416.304,7.02,-1233.8292047
Oregon,2008,49187.47502,58718.43754,3556.09321,7.23,-323.84353235000003
Oregon,2009,47566.89701,56690.85644000002,3557.46241,7.48,-288.96807502
Oregon,2010,46025.945,55126.999149999996,3479.37358,7.5600000000000005,-218.63101822000002
Oregon,2011,47171.446,59695.16412,3792.86349,8.04,-283.69279576
Oregon,2012,46688.85598,60932.71453,3834.94572,8.21,-452.20866100999996
Pennsylvania,2001,135271.93298,197807.491,10831.76001,8.01,0.0
Pennsylvania,2002,139819.87001,205638.386,11276.083,8.06,95.83423989
Pennsylvania,2003,140369.128,207827.501,11256.02698,8.02,84.99061029999999
Pennsylvania,2004,143501.49299,216030.26877000002,11485.55802,8.0,176.72185521
Pennsylvania,2005,148272.94002,219513.2071,12261.24202,8.27,286.03736432
Pennsylvania,2006,146150.358,220207.94866000002,12679.758,8.68,94.95502667999999
Pennsylvania,2007,151572.95,227534.05025,13756.85,9.08,-62.13106683999999
Pennsylvania,2008,150400.589,223058.44873,14021.21891,9.32,-532.51013419
Pennsylvania,2009,143747.438,220957.16557999997,13797.81988,9.6,-170.27429167000003
Pennsylvania,2010,148963.96799,231167.86416,15351.407,10.31,-420.85005652
Pennsylvania,2011,148757.238,228302.24234,15539.61584,10.45,-435.21053894999994
Pennsylvania,2012,144709.72702,224306.44949,14334.88892,9.91,-1286.87506837
Rhode Island,2001,7392.91699,7501.892,846.58201,11.45,-765.50163484
Rhode Island,2002,7560.699,7056.765,695.54201,9.2,-325.60195877
Rhode Island,2003,7796.62601,5621.145,816.40401,10.47,-105.79865626999998
Rhode Island,2004,7887.57501,4939.41974,864.751,10.96,-301.57013103
Rhode Island,2005,8049.11199,6053.294070000001,963.43998,11.97,-347.28921794999997
Rhode Island,2006,7799.126,5967.7245299999995,1089.98301,13.98,-319.4474663
Rhode Island,2007,8013.02202,7049.84395,1051.04799,13.12,-414.98863512
Rhode Island,2008,7818.594,7387.26578,1251.9437,16.01,-602.26104885
Rhode Island,2009,7617.62901,7696.82445,1083.75759,14.23,-735.9014567699999
Rhode Island,2010,7799.22701,7738.719000000001,1097.84483,14.08,-456.89779812999996
Rhode Island,2011,7732.41999,8722.27255,1008.29652,13.04,-607.53632811
Rhode Island,2012,7708.33398,8309.035829999999,982.10859,12.74,0.0
South Carolina,2001,74832.367,91230.43100000001,4317.16499,5.77,0.0
South Carolina,2002,77819.39199,98849.93000000001,4536.51299,5.83,0.0
South Carolina,2003,77054.09799,96186.304,4684.41,6.08,0.0
South Carolina,2004,79908.34001,100238.10906,4971.53701,6.22,0.0
South Carolina,2005,81254.088,104912.01483,5461.61601,6.72,0.0
South Carolina,2006,80877.32099,101507.40375,5648.09998,6.98,0.0
South Carolina,2007,81948.158,105823.36967000001,5879.81,7.18,0.0
South Carolina,2008,80650.572,103511.13277,6334.51549,7.85,0.0
South Carolina,2009,76417.479,102078.3724,6431.8643,8.42,0.0
South Carolina,2010,82479.29301,106022.53473,7003.90193,8.49,0.0
South Carolina,2011,80488.546,104752.85317000002,7081.2516,8.8,0.0
South Carolina,2012,77780.953,98547.74788000001,7079.7215,9.1,0.0
South Dakota,2001,8626.99901,7400.7429999999995,547.997,6.35,0.0
South Dakota,2002,8936.80099,7721.9580000000005,559.851,6.26,-0.29307107
South Dakota,2003,9079.98999,7943.837,576.99299,6.35,0.0
South Dakota,2004,9213.844,7510.21399,593.67001,6.44,0.87921321
South Dakota,2005,9811.01702,6520.768999999999,647.78699,6.6,0.29307107
South Dakota,2006,10056.38699,7132.2429999999995,673.903,6.7,0.0
South Dakota,2007,10603.301,6136.60451,730.394,6.89,0.0
South Dakota,2008,10974.08601,7082.67155,783.5111,7.14,0.0
South Dakota,2009,11010.11798,8196.531,813.18949,7.39,-0.29307107
South Dakota,2010,11356.149,10049.63613,888.3253,7.82,0.0
South Dakota,2011,11679.60001,11998.8855,939.84031,8.05,0.0
South Dakota,2012,11734.21,12034.206000000002,996.2805,8.49,0.0
Tennessee,2001,96130.71801,97689.424,5369.63901,5.59,0.0
Tennessee,2002,98233.027,97505.948,5616.03999,5.72,0.0
Tennessee,2003,97455.80801,93679.09000000001,5686.92801,5.84,0.0
Tennessee,2004,99660.66499,99230.19386000001,6114.793,6.14,0.0
Tennessee,2005,103905.42101,98313.03521999999,6553.25299,6.31,0.0
Tennessee,2006,103931.74401,95246.18161,7248.14699,6.97,0.0
Tennessee,2007,106716.93399,96522.13673999999,7546.909,7.07,0.0
Tennessee,2008,104169.779,92140.67048,8520.43411,8.18,0.0
Tennessee,2009,94650.259,81016.55266,8223.10279,8.69,0.0
Tennessee,2010,103521.53702,83791.56883,8915.13889,8.61,0.0
Tennessee,2011,100733.329,82424.59623,9348.37411,9.28,0.0
Tennessee,2012,96381.47196,78050.1418,8932.73421,9.27,0.0
Texas,2001,318044.17399,372580.002,23483.50499,7.38,-0.5861421400000002
Texas,2002,320845.84901,385628.542,21250.57299,6.62,218.92408928999998
Texas,2003,322685.95499,379199.68600000005,24210.704,7.5,216.87259179999998
Texas,2004,320614.83999,390299.13231,25482.302,7.95,215.40723645
Texas,2005,334258.262,396668.72215,30563.772,9.14,219.80330249999997
Texas,2006,342724.21299,400582.87773999997,35448.23698,10.34,212.47652574999998
Texas,2007,343828.58201,405492.29556000006,34772.75302,10.11,242.95591703000002
Texas,2008,347059.22699,404787.78097,38150.14909,10.99,51.87357938999992
Texas,2009,345295.56101,397167.9095,34056.07441,9.86,-110.19472231999998
Texas,2010,358457.55,411695.04619,33496.583,9.34,12.015913869999963
Texas,2011,376065.11595,435476.92357,33832.30935,9.0,224.19936854999997
Texas,2012,365104.131,429812.50978,31217.78751,8.55,223.32015533999999
Utah,2001,23217.30799,35853.75,1210.65702,5.21,0.0
Utah,2002,23267.188,36608.003,1254.539,5.39,-8.7921321
Utah,2003,23860.35,38023.666,1289.92801,5.41,-5.861421399999999
Utah,2004,24511.70401,38211.97746,1395.08401,5.69,-14.946624569999999
Utah,2005,25000.498,38165.13086999999,1480.644,5.92,-40.150736589999994
Utah,2006,26365.71602,41263.3239,1578.408,5.99,-14.36048243
Utah,2007,27785.447,45372.574720000004,1781.799,6.41,16.411979920000004
Utah,2008,28191.511,46578.76263999999,1830.442,6.49,42.20223408
Utah,2009,27586.70002,43542.94558,1868.21312,6.77,34.87545733
Utah,2010,28044.00101,42249.35459,1947.58349,6.94,-4.39606605
Utah,2011,28858.94598,40836.15002,2056.50692,7.13,-9.96441638
Utah,2012,29723.368,39402.96074,2331.1404,7.84,-9.37827424
Vermont,2001,5585.446,5480.614,606.66102,10.86,-2998.99625931
Vermont,2002,5629.26301,5456.19,611.906,10.87,-2433.3690942099997
Vermont,2003,5352.42901,6027.9619999999995,587.704,10.98,-1915.80558459
Vermont,2004,5663.772,5470.37877,624.332,11.02,-1937.7859148399998
Vermont,2005,5883.05301,5716.75462,643.95201,10.95,-2116.26619647
Vermont,2006,5795.02901,7084.34367,658.92,11.37,-2428.67995709
Vermont,2007,5864.006,5823.58151,705.858,12.04,-2487.88031323
Vermont,2008,5741.204,6820.2159599999995,707.87809,12.33,-2493.15559249
Vermont,2009,5496.513,7282.34831,701.05529,12.75,-2563.1995782199997
Vermont,2010,5594.83301,6619.9900099999995,740.77361,13.24,-2426.04231746
Vermont,2011,5550.184,6776.218809999999,765.86432,13.8,-2521.8765573499995
Vermont,2012,5510.76401,6569.670109999999,783.6441,14.22,-11047.02091258
Virginia,2001,96453.17501,78584.904,5963.793,6.18,0.0
Virginia,2002,100618.57,78983.321,6265.13201,6.23,-0.29307107
Virginia,2003,101509.73099,78305.73700000001,6363.72699,6.27,0.0
Virginia,2004,105424.17301,81232.26196,6780.05799,6.43,0.0
Virginia,2005,108849.55199,81784.69095,7223.18899,6.64,0.0
Virginia,2006,106721.241,75404.42471,7319.054,6.86,0.0
Virginia,2007,111569.55202,81601.0731,7943.35301,7.12,0.0
Virginia,2008,110106.337,75953.9074,8808.95031,8.0,0.0
Virginia,2009,108462.46302,72751.48406,9689.11769,8.93,0.0
Virginia,2010,113806.135,75947.65998000001,9893.71231,8.69,0.0
Virginia,2011,110228.26501,69609.93708,9747.73221,8.84,0.0
Virginia,2012,107794.98502,73470.38294,9779.53908,9.07,0.0
Washington,2001,78495.24701,83048.66900000001,4193.026,5.34,5057.23438392
Washington,2002,75403.856,102774.11200000002,4432.87199,5.88,1187.2309045700003
Washington,2003,78133.50099,100101.276,4580.441,5.86,1956.5424633199996
Washington,2004,79981.60801,102184.68812999997,4638.46601,5.8,4848.274711010001
Washington,2005,83425.2,101948.90432,4894.34801,5.87,3004.8576807100003
Washington,2006,85033.335,108108.95733,5222.35699,6.14,8656.440194589999
Washington,2007,85741.94699,106901.19254,5457.625,6.37,3258.3641562599996
Washington,2008,87332.884,110731.02504,5720.70991,6.55,7273.144744189999
Washington,2009,90164.70099,104365.3666,5949.37302,6.6,6177.938155600001
Washington,2010,90379.97,103366.07299,6016.42255,6.66,6952.524993609999
Washington,2011,93724.91699,115158.76883,6356.39754,6.78,6760.56344276
Washington,2012,92336.44096,116748.37156,6412.0223,6.94,5855.8530496700005
West Virginia,2001,27669.432,81836.72499999999,1402.90499,5.07,0.0
West Virginia,2002,28463.12201,94761.751,1454.59001,5.11,0.0
West Virginia,2003,28296.99301,94711.553,1450.27699,5.13,0.0
West Virginia,2004,28918.61201,89749.56169999999,1483.20301,5.13,0.0
West Virginia,2005,30152.06899,93626.28531,1554.28403,5.15,0.0
West Virginia,2006,32312.12599,93815.80421,1628.704,5.04,0.0
West Virginia,2007,34183.83901,93933.10909999999,1825.145,5.34,0.0
West Virginia,2008,34221.10301,91123.0966,1919.60602,5.61,0.0
West Virginia,2009,30271.32899,70782.5143,2012.755,6.65,0.0
West Virginia,2010,32031.80301,80788.94724,2385.5803,7.45,0.0
West Virginia,2011,31238.75301,78999.62354,2460.13921,7.88,0.0
West Virginia,2012,30817.24101,73413.4047,2507.11572,8.14,0.0
Wisconsin,2001,65218.29301,58763.431000000004,3962.28499,6.08,0.0
Wisconsin,2002,66999.296,58431.43801,4208.69,6.28,0.0
Wisconsin,2003,67241.49402,60122.424,4468.04299,6.64,-0.87921321
Wisconsin,2004,67975.709,60444.93342000001,4676.518,6.88,0.0
Wisconsin,2005,70335.683,61824.663590000004,5264.02199,7.48,0.0
Wisconsin,2006,69820.74901,61639.84347000001,5674.051,8.13,0.0
Wisconsin,2007,71301.29999,63390.629700000005,6045.38999,8.48,0.0
Wisconsin,2008,70121.82701,63479.55496,6313.06569,9.0,0.0
Wisconsin,2009,66286.43899,59959.06042,6214.4709,9.38,0.0
Wisconsin,2010,68752.417,64314.06709,6723.23451,9.78,0.0
Wisconsin,2011,68611.622,63289.343790000006,7002.5345,10.21,0.0
Wisconsin,2012,68820.08992,63742.90988,7077.82496,10.28,0.0
Wyoming,2001,12949.50501,44776.938,577.06999,4.46,0.0
Wyoming,2002,12874.05999,43783.839,602.324,4.68,-21.10111704
Wyoming,2003,13253.83601,43626.602,630.27001,4.76,-28.72096486
Wyoming,2004,13539.51299,44807.60442,674.205,4.98,56.26964543999999
Wyoming,2005,14137.72702,45567.306979999994,728.96198,5.16,97.88573738
Wyoming,2006,14946.61201,45400.369829999996,787.585,5.27,47.184442270000005
Wyoming,2007,15535.55201,45633.48639,822.52198,5.29,54.80429009
Wyoming,2008,16690.24901,46500.44832,946.8817,5.67,41.616091940000004
Wyoming,2009,16561.937,46029.21247,1007.3843,6.08,36.047741609999996
Wyoming,2010,17113.45799,48119.25383,1060.61779,6.2,25.790254159999996
Wyoming,2011,17417.762,47638.47083,1146.21311,6.58,-1.7584264199999993
Wyoming,2012,16971.354,49588.606219999994,1220.6402,7.19,2.9307106999999997
